Plato,Nombre API,Calorías (kcal),Grasas (g),Carbohidratos (g),Proteínas (g),Ingredientes,URL_Receta
Apple pie,Apple Pie,265.0,12.5,37.1,2.4,"- apples (2 Red apples, cored, peeled and cut into 4 slices)
- greek yogurt (1 cup vanilla greek yogurt)
- lemon juice (1 tablespoon lemon juice)
- brown sugar (2 tablespoons brown sugar)
- pie spice (1 1/2 teaspoons Apple pie spice)
- cinnamon (1/2 teaspoon cinnamon)
- ice (2 cups ice)",https://food52.com/recipes/55787-apple-pie-smoothie
Baby back ribs,Baby Back Ribs,210.0,15.0,4.0,17.0,"- baby back ribs (1 or 2 racks baby back ribs, 2 1/2 to 3 1/2 pounds total)
- apple juice (4 cups apple juice)
- cider vinegar (1/2 cup cider vinegar)
- barbecue sauce (1/2 cup favorite barbecue sauce)",https://www.epicurious.com/recipes/food/views/bbq-baby-back-ribs
Baklava,Baklava,5246.0,355.81,461.09,82.12,"- granulated sugar (2 cups granulated sugar (14 ounces; 400g))
- water (1 cup (240ml) water)
- lemon juice (1 teaspoons (5ml) fresh lemon juice)
- orange blossom water (1/2 teaspoon orange blossom water)
- pistachios (2 1/2 cups shelled raw unsalted pistachios (12 1/2 ounces; 354g))
- unsalted butter (8 ounces unsalted butter (2 sticks; 226g), melted)
- granulated sugar (2 tablespoons granulated sugar (1 ounce; 30g))
- phyllo dough (1 pound phyllo dough (16 ounces; 454g), thawed)",https://www.seriouseats.com/pistachio-baklava-recipe-7558447
Beef carpaccio,Carpaccio,119.0,2.62,0.0,22.31,"- olive oil (2 tbsp. olive oil)
- Parmesan cheese (1 oz. Parmesan cheese)
- beef (4 oz. beef carpaccio)",https://www.delish.com/cooking/recipe-ideas/recipes/a21849/carpaccio-potato-salad-recipe-del0813
Beef tartare,Steak Tartare (Raw Ground Beef and Egg),210.0,14.56,0.63,17.78,"- sirloin (1 1/2 pounds fatty sirloin or chuck, cut into 1-inch chunks)
- shallot (1 shallot, peeled)
- garlic (1 medium clove garlic, peeled)
- capers (1 tablespoon capers)
- anchovy fillets (2 anchovy fillets, optional)
- parsley (1/2 cup fresh parsley, chopped)
- tabasco sauce (1/2 teaspoon tabasco sauce, or more to taste)
- worcestershire sauce (2 teaspoons worcestershire sauce)
- Salt (Salt and pepper, to taste)
- pepper (Salt and pepper, to taste)",http://www.foodrepublic.com/2014/05/07/beef-tartare-burger-recipe
Beet salad,Russian Salad,1217.0,104.1,66.58,9.6,"- crackers (3-4 thin rye crackers)
- canned sardines (3-4 canned sardines, drained, or 3–4 oz. canned albacore tuna, drained)
- Mustard (1 tbsp Whole Grain Mustard Dressing)
- Caraway (½ cup leftover Beet Salad with Caraway and Almonds)
- Almonds (½ cup leftover Beet Salad with Caraway and Almonds)",https://www.bonappetit.com/recipe/sardines-rye-crackers-whole-grain-mustard-dressing
Beignets,Doughnut (Raised or Yeast),403.0,22.8,44.3,6.4,"- whole milk (1/2 cup whole milk)
- buttermilk (1/3 cup buttermilk)
- yeast (2 teaspoons active dry yeast)
- sugar (2 tablespoons plus 1 teaspoon sugar, divided)
- sugar (2 tablespoons plus 1 teaspoon sugar, divided)
- bread flour (1 3/4 cup bread flour)
- baking soda (1/2 teaspoon baking soda)
- salt (1/8 teaspoon salt)
- unsalted butter (2 tablespoons unsalted butter, at room temperature)
- confectioners' sugar (confectioners' sugar)
- heavy cream (3/4 cup heavy cream)
- sugar (1/2 cup sugar)
- dark chocolate (6 ounces dark chocolate, chopped)
- salt (1/8 teaspoon salt)
- chicory coffee (1/4 cup strongly brewed chicory coffee)
- vanilla extract (1/2 teaspoon vanilla extract)",https://www.seriouseats.com/baked-beignets-doughnuts-chicory-coffee-sauce-recipe
Bibimbap,Korean Style Bibimbap Beef,340.0,6.0,56.0,13.0,"- gochujang (1/4 cup gochujang (Korean chili paste))
- toasted sesame oil (2 tablespoons toasted sesame oil)
- sugar (2 tablespoons sugar)
- water (2 tablespoons water)
- sesame seeds (1 tablespoon toasted sesame seeds)
- garlic (2 teaspoons minced garlic)
- rice vinegar (2 teaspoons rice vinegar)",https://www.simplyrecipes.com/bibimbap-recipe-7089409
Bread pudding,Bread Pudding,1258.0,38.96,191.18,43.32,"- fresh bread crumbs (1 1/4 cups fresh bread crumbs)
- eggs (2 large eggs, seperated)
- orange zest (1 1/2 teaspoons orange zest, using a microplane)
- sugar (1/2 cup sugar)
- dark brown sugar (1/4 cup dark brown sugar)
- Orange Bitters (1/2 teaspoon orange bitters, I used Fee Bro. West Indian Orange Bitters)
- cherries (1 1/2 cups cherries, pitted and chopped)
- sugar (1/3 cup sugar)
- red wine (1/2 cup red wine)
- cherries (9 whole cherries, pitted)
- heavy whipping cream (1 cup heavy whipping cream)
- powdered sugar (1/3 cup powdered sugar)
- vanilla extract (1/2 teaspoon vanilla extract)",https://food52.com/recipes/3234-cherry-bread-pudding-jubilee
Breakfast burrito,Breakfast Burrito,366.0,22.25,21.52,19.4,"- flour tortillas (4 flour tortillas (8-inch))
- eggs (3 large eggs)
- egg whites (4 large egg whites)
- coarse salt (3/4 teaspoon coarse salt)
- olive oil (1 teaspoon olive oil)
- Jack cheese (1 cup shredded pepper Jack cheese)
- Garlic (1 cup Garlic-Pepper Sauce, thawed and drained, if necessary)",https://www.marthastewart.com/344419/breakfast-burrito
Bruschetta,Bruschetta,1350.0,38.28,214.07,38.15,"- peach (1 large peach, ripe but firm, halved and pitted)
- olive oil (1/4 cup rosemary olive oil)
- baguette (10-12 slices of French baguette)
- goat cheese (4 ounces goat cheese, at room temp)
- fresh basil (10 fresh basil leaves, chiffonade)
- Balsamic vinegar (2 tablespoons Balsamic vinegar, to drizzle over finished bruschetta)",https://food52.com/recipes/86123-grilled-peach-bruschetta
Caesar salad,Caesar Salad with Romaine,1072.0,89.33,41.1,31.71,"- fish sauce (3 tablespoons (45ml) fish sauce)
- water (2 tablespoons (30ml) water)
- soy sauce (2 tablespoons (30ml) soy sauce)
- honey (1 tablespoon (15ml) honey)
- kosher salt (1/2 teaspoon kosher salt)
- black pepper (1/2 teaspoon freshly ground black pepper)
- boneless, skinless chicken breast (6 boneless, skinless chicken breast halves (6 to 8 ounces;170 to 225g each), tendon removed)
- Salad Dressing (1 recipe for Caesar Salad Dressing or store-bought Caesar salad dressing)
- salad dressing (1 recipe for Caesar Salad Dressing or store-bought Caesar salad dressing)
- extra-virgin olive oil (1/4 cup (60ml) extra-virgin olive oil, divided)
- baguette (One 12-inch baguette, cut on bias into 1/2-inch-thick slices)
- garlic (1 garlic clove, peeled)
- romaine lettuce (3 romaine lettuce hearts (about 6 ounces;170g each), halved lengthwise through cores)
- Parmigiano-Reggiano cheese (1/4 cup Parmigiano-Reggiano cheese (1/2 ounce; 14g), grated)
- lemons (2 lemons, halved)",https://www.seriouseats.com/grilled-chicken-caesar-salad-recipe-8656144
Cannoli,Cannoli,6120.0,265.92,694.59,209.6,"- pistachios (1 cup unsalted pistachios)
- heavy cream (1 cup heavy cream)
- sugar (2 tablespoons sugar)
- golden raisins (2 tablespoons golden raisins)
- bittersweet chocolate (1 cup chopped bittersweet chocolate)
- ricotta (1 cup ricotta)
- cannoli shells (14 cannoli shells)",https://www.foodnetwork.com/recipes/michael-chiarello/chocolate-cannoli-recipe-1945479
Caprese salad,Beef Salad,1312.0,101.42,6.76,88.68,"- tomatoes (1 1/2 pounds (675g) best-quality ripe tomatoes, mixed sizes, at room temperature)
- mozzarella cheese (8 to 12 ounces (225 to 340g) best-quality fresh mozzarella cheese, torn into bite-size chunks)
- extra-virgin olive oil (Best-quality extra-virgin olive oil)
- sea salt (Coarse sea salt, such as Maldon or fleur de sel)
- black pepper (Coarsely ground fresh black pepper)
- fresh basil (6 to 8 fresh basil leaves)",https://www.seriouseats.com/classic-caprese-salad-recipe
Carrot cake,Carrot Cake with Icing,6952.0,355.78,902.4,65.77,"- cream (125 milliliters pouring cream)
- cream cheese (300 grams cream cheese)
- sour cream (180 grams 20%-fat sour cream)
- sugar (130 grams sugar)
- ginger root (50 grams grated ginger root)
- carrot cake (150 grams crumbled carrot cake)",https://food52.com/recipes/41078-carrot-cake-ginger-cheesecake-ice-cream
Ceviche,Marinated Fish (Ceviche),439.0,5.03,23.42,73.2,"- Chili (Amarillo Chili Tiger's Milk)
- fresh ginger (1/4 inch (5 mm) piece fresh ginger, cut in half)
- garlic (1 small clove garlic, cut in half)
- cilantro (4 roughly chopped cilantro sprigs)
- limes (8 limes, juiced)
- salt (1/2 teaspoon salt)
- Chile Paste (2 teaspoons Amarillo Chile Paste)
- red onion (1 large red onion, very thinly sliced)
- sea bass (1 1/3 lb (600 g) sea bass fillet (or other white fish), skinned and trimmed)
- Chili (Amarillo Chili Tiger's Milk (above))
- cilantro (A few cilantro sprigs, leaves finely chopped)
- chili (1 limo chili, seeded and finely chopped)
- sweet potato (1 sweet potato, cooked and cut into small cubes)
- Fine sea salt (Fine sea salt)",http://www.seriouseats.com/recipes/2014/06/don-ceviche-sea-bass-ceviche-from-ceviche-peruvian-kitchen.html
Cheesecake,Cheesecake,321.0,22.5,25.5,5.5,"- butter (1 tablespoon butter)
- pound cake (2 slices pound cake (any flavor), each piece buttered on one side)
- cheesecake (1 small slice cheesecake (any flavor), cut into very thin slices)",http://www.seriouseats.com/recipes/2011/10/grilled-cheesecake-cakespy-book-dessert-recipe.html
Cheese plate,Cheese,350.0,26.91,4.71,22.21,"- figs (8 figs - sliced)
- Brie (1 wedge of Brie - cut them in thick slices)
- honey (1/3 cup honey)",https://food52.com/recipes/23207-cheese-plate
Chicken curry,Chicken Curry,1206.0,64.89,46.11,111.58,"- boneless skinless chicken breasts (4 boneless skinless chicken breasts)
- curry powder (4 tablespoons yellow curry powder)
- salt (1 teaspoon fine salt)
- vegetable oil (1 tablespoon vegetable oil)
- heavy cream (1 1/2 cups heavy cream)
- cilantro (1 tablespoon cilantro - optional)
- brown basmati rice (2 cups brown basmati rice)
- water (4 cups water)
- bouillon (1 bouillon cube)
- pepper (1/2 teaspoon fresh pepper)
- salt (1/4 teaspoon salt)",https://food52.com/recipes/28630-chicken-curry
Chicken quesadilla,Quesadilla with Poultry and Cheese,564.0,31.59,37.12,31.61,"- Flour tortillas (4 Flour tortillas (approximately 8-inches wide))
- chicken meat (1 cup cooked, shredded or chopped, chicken meat)
- jack cheese (1/4 lb cheddar or Monterey jack cheese, sliced or grated)
- apple (1 apple, sliced)
- salsa (1/4 cup salsa)",http://simplyrecipes.com/recipes/apple_chicken_quesadilla/
Chicken wings,Chicken Wing (Skin Eaten),290.0,19.46,0.0,26.86,"- chicken wings (3 pounds chicken wings, cut in half at joints, wing tips removed)
- Coarse salt (Coarse salt)",https://www.marthastewart.com/1140985/baked-chicken-wings
Chocolate cake,Chocolate Cake (with Chocolate Frosting),367.0,16.4,54.6,4.1,"- Chocolate Cake Mix (1 recipe Chocolate Cake Mix)
- coffee (1/2 cup coffee or water)
- soy milk (1/2 cup almond or soy milk (vanilla flavor preferred))
- canola oil (1/2 cup canola oil)
- maple syrup (1/2 cup pure maple syrup)
- apple cider vinegar (2 tablespoons apple cider vinegar)",http://www.cookstr.com/recipes/chocolate-cake-nicole-axworthy
Chocolate mousse,Chocolate Mousse,1817.0,131.39,140.0,36.17,"- unsalted butter (4 tablespoons (1/2 stick or 2 ounces) unsalted butter, melted)
- eggs (4 large eggs, at room temperature)
- milk (1 1/2 cups milk, warm)
- all-purpose flour (1 cup plus 6 tablespoons all-purpose flour (about 6 3/4 ounces))
- cocoa (2 tablespoons natural cocoa powder)
- sugar (1 tablespoon sugar)
- salt (1 teaspoon salt)
- heavy cream (2 cups heavy cream, chilled)
- eggs (4 large eggs, separated)
- sugar (1/4 cup sugar)
- almond extract (2 teaspoons almond extract)
- chocolate (6 ounces bittersweet (60%) chocolate, chopped (see note))
- salt (1/4 teaspoon salt)
- honey (6 tablespoons honey)
- raspberries (1 pint fresh raspberries)
- salt (Maldon salt (optional))",https://www.seriouseats.com/sandwiched-cocoa-popovers-with-chocolate-mous
Churros,Churros,2225.0,140.75,228.64,13.89,"- all purpose flour (1 cup of all purpose flour)
- eggs (3 eggs)
- water (1 cup of water)
- vanilla extract (2 teaspoons of vanilla extract)
- sugar (2 tablespoons of sugar)
- butter (1/2 stick of butter)
- sugar (1/2 cup of sugar for dusting the churros)
- cinnamon (2 teaspoons of cinnamon for dusting)
- Vegetable oil (Vegetable oil for frying (about 3 cups))
- Nutella (3/4 cup of Nutella)
- heavy cream (1/4 cup heavy cream)
- frozen strawberries (1.5 cup of frozen strawberries (or fresh))
- vanilla extract (1 teaspoon vanilla extract)
- lemon (Juice from half a lemon)
- condensed milk (Small can of sweet condensed milk)",http://www.food52.com/recipes/2266_hanukkah_churros
Clam chowder,Clam Chowder,67.0,2.39,7.79,3.62,"- clam juice (Three 8-ounce bottles clam juice)
- potatoes (1 pound starchy potatoes (such as idaho or russet) peeled and cut into 1/2-inch cubes)
- butter (2 tablespoons butter)
- bay leaf (1 bay leaf)
- onion (1 large onion, chopped (about 1 1/2 cups))
- flour (1/4 cup flour)
- clams (5 (6.5) ounce cans of clams, diced, juices reserved)
- whole milk (1 cup whole milk)
- heavy cream (1/2 cup heavy cream)
- paprika (1 teaspoon paprika)
- Salt (Salt and pepper)
- pepper (Salt and pepper)
- parsley (1/4 cup parsley, chopped (optional))",http://www.seriouseats.com/recipes/2011/02/new-england-clam-chowder-recipe.html
Club sandwich,"Bacon, Chicken and Tomato Club Sandwich with Lettuce and Spread",471.0,21.01,42.06,26.62,"- white Pullman loaf (6 slices (about 1/2-inch thick) white Pullman loaf)
- mayonnaise (6 tablespoons mayonnaise)
- mustard (1 tablespoon mustard (optional))
- lettuce (4 large leaves greenleaf lettuce)
- turkey (3 ounces thickly sliced deli turkey)
- bacon (6 strips thick-cut bacon, cooked until crisp)
- beefsteak tomatoes (1 large beefsteak tomatoes (about 6 ounces), sliced)
- Salt (Salt and pepper)
- pepper (Salt and pepper)",http://www.seriouseats.com/recipes/2012/11/classic-club-sandwich-recipe.html
Crab cakes,Crab Cake,927.0,44.03,3.7,122.67,"- crab meat (1 pound dungeness crab meat (you can use other types of crab but dungeness is the best))
- mayonaise (1/2 cup mayonaise)
- cilantro (1/2 cup finely chopped cilantro)
- parsley (1/4 cup finely chopped Italian parsley (flat leaf))
- red onion (1/2 cup finely chopped red onion)
- lemon juice (1 tablespoon fresh lemon juice)
- bread crumbs (2 cups panko, or plain dry bread crumbs)
- eggs (2 eggs, beaten)
- all purpose flour (1 cup all purpose flour)
- oil (oil for frying crab cakes)",https://food52.com/recipes/1746-my-favorite-crab-cakes-really
Creme brulee,Creme Brulee,1383.0,110.12,90.06,13.9,"- Almonds (1 handful Smoked Almonds)
- Coffee Beans (5 teaspoons Fresh Ground Creme' Brulee' Wegman's Coffee Beans)
- Almond Milk (2 tablespoons Almond Milk)",https://food52.com/recipes/20659-smoked-almond-creme-brulee-coffee
Croque madame,Croque Madame,890.0,40.0,76.0,51.0,"- ham (2 thin slices ham)
- Monterey Jack (50g Monterey Jack or cheddar, grated)
- sourdough (2 chunky slices bread, such as sourdough)
- butter (2 tbsp butter)
- egg (1 egg)",http://www.bbcgoodfood.com/recipes/1133644/croque-madame
Cup cakes,Cupcakes with Frosting (Low Fat),305.0,3.7,67.2,4.3,"- butter (113 grams of butter)
- caster sugar (113 grams of caster sugar)
- eggs (2 eggs)
- flour (113 grams of self raising flour)
- baking powder (1 teaspoon baking powder)
- vanilla extract (1 teaspoon vanilla extract)",https://food52.com/recipes/23641-sparkly-cup-cakes
Deviled eggs,Deviled Egg,110.0,8.89,0.74,6.34,"- eggs (12 large eggs, hard boiled)
- mayonnaise (1/3 cup mayonnaise)
- gochujang (1 tablespoon gochujang, plus more to taste)
- kimchi (1/2 cup finely diced kimchi)
- chives (1 bunch chives, cut into 3-inch sections or minced)
- sesame seeds (1 tablespoon white or black sesame seeds)
- red chili (1 teaspoon Korean red chili, paprika, or cayenne (optional))",https://www.simplyrecipes.com/recipes/kimchi_deviled_eggs/
Donuts,Sugared or Glazed Doughnuts,426.0,22.9,50.8,5.2,"- egg whites (2 egg whites)
- salt (1 pinch of salt)
- muscovado sugar (40g light muscovado sugar)
- breadcrumbs (50g breadcrumbs, finely ground)
- butter (60g melted butter)
- icing sugar (60g icing sugar)
- maple syrup (15g maple syrup (ca. 1/2 tbsp))
- milk (7g milk)
- sea salt (1 pinch of sea salt)
- walnuts (1-2 tablespoons crushed walnuts)",https://food52.com/recipes/22592-breadcrumb-baked-donuts-with-a-sea-salt-and-maple-glaze
Dumplings,Steamed Dumpling (Filled with Meat Poultry or Seafood),918.0,21.63,78.32,94.63,"- coconut milk (1 14-ounce can full fat coconut milk)
- leeks (2 cup leeks, finely chopped)
- salt (1/4 teaspoon salt)
- curry paste (1+ tablespoon green (Thai) curry paste)
- mung beans (2 cups cooked mung beans)
- lime (fresh lime or lemon juice)
- round dumpling wrappers (a few dozen round dumpling wrappers (either homemade or pre-made))",http://www.101cookbooks.com/archives/green-curry-dumplings-recipe.html
Edamame,"Soybeans (Mature Seeds, Steamed, Cooked)",81.0,4.45,6.53,8.47,"- Salt (Salt)
- edamame (1 one-pound bag edamame)
- Salt (1 teaspoon Seasoned Salt)",http://www.marthastewart.com/344275/edamame
Eggs benedict,Benedict Egg,1913.0,149.68,57.65,82.88,"- English muffins (2 English muffins)
- ham (4 slices ham each slice 1/8 inch thick)
- eggs (4 large eggs)
- unsalted butter (3 tablespoons unsalted butter)
- egg yolk (1 large egg yolk)
- lemon zest (1 pinch Meyer lemon zest)
- marjoram (1 sprig fresh marjoram or sage)
- water (2 tablespoons boiling water)
- Meyer lemon juice (1 teaspoon Meyer lemon juice)
- salt (salt to taste)",http://norecipes.com/blog/eggs-benedict-recipe/#sthash.bBstik7O.dpbs
Escargots,Escargots with Garlic Butter,190.0,17.0,3.0,4.0,"- escargots (1 (7 ounce) can escargots, drained)
- butter (6 tablespoons butter)
- garlic (1 clove garlic, minced)
- mushrooms (20 mushrooms, stems removed)
- white wine (1/3 cup white wine)
- cream (1/3 cup cream)
- all-purpose flour (1 tablespoon all-purpose flour)
- dried tarragon (0.25 teaspoon dried tarragon)
- black pepper (1 pinch freshly ground black pepper, or to taste)
- Parmesan cheese (0.25 cup grated Parmesan cheese)",https://www.allrecipes.com/recipe/159391/easy-garlic-escargots
Falafel,Falafel,333.0,17.8,31.84,13.31,"- Falafel (1 recipe Easy, Herb-Packed Falafel)
- harissa (3 tablespoons (45ml) harissa paste)
- pitted black olives (3 ounces pitted black olives (about 1/2 cup; 85g), roughly chopped)",http://www.seriouseats.com/recipes/2016/03/falafel-black-olive-harissa-vegan-experience-recipe.html
Filet mignon,Filet Mignon,524.0,25.98,0.0,67.89,"- unsalted butter (4 tablespoons unsalted butter)
- filet mignon (4 (1 1/2-inch thick) filet mignon steaks (about 6 ounces each))
- kosher salt (1 3/4 teaspoons kosher salt, divided)
- black pepper (1/2 teaspoon freshly ground black pepper)
- garlic (1 clove garlic)
- parsley (1 sprig fresh parsley)
- vegetable oil (2 tablespoons vegetable oil)",https://www.thekitchn.com/filet-mignon-22903014
Fish and chips,Fried Battered Fish,265.0,15.12,8.92,22.24,"- yukon gold (4 medium potatoes I used a mix of yukon gold and russet)
- cod (4 medium fish fillets cod, haddock and albacore work well)
- haddock (4 medium fish fillets cod, haddock and albacore work well)
- albacore (4 medium fish fillets cod, haddock and albacore work well)
- flour (1/2 cup + 2 tablespoons flour)
- flour (1/2 cup + 2 tablespoons flour)
- cornstarch (2 tablespoons cornstarch)
- paprika (1/4 teaspoon paprika)
- onion powder (1/4 teaspoon onion powder)
- vegetable oil (vegetable oil for frying)
- baking powder (1/4 teaspoon baking powder)
- beer (1/2 cup very cold beer you may need a little more)",http://norecipes.com/blog/fish-and-chips-recipe/
Foie gras,"Goose Liver Pate (Pate De Foie Gras, Smoked Canned)",462.0,43.84,4.67,11.4,"- foie gras (1 entire Grade A or Grade B fresh foie gras, about 500 to 750g)
- salt (75g salt)
- sugar (25g sugar)
- salt (12.5g pink curing salt (optional))
- black pepper (10g white or black pepper)
- brandy (2 to 3 tablespoons brandy (such as Cognac))",https://www.seriouseats.com/foie-gras-torchon-recipe
French fries,Potato French Fries,274.0,14.08,35.71,3.49,- French fries (450g frozen French fries),https://www.bbcgoodfood.com/recipes/air-fryer-french-fries
French onion soup,French Onion Soup,3292.0,147.58,351.1,141.99,"- Onion Soup (Counterfeit French Onion Soup Onions (recipe below), or 1 to 1 1/2 cups reserved onions from French Onion Soup)
- wonton wrappers (15 to 20 wonton wrappers)
- Gruyère (1 cup Gruyère, grated)
- Parmesan (1/3 cup Parmesan, grated)
- Chives (Chives, or twigs of thyme, for garnish)
- thyme (Chives, or twigs of thyme, for garnish)
- butter (A pat of butter)
- Onions (Counterfeit French Onion Soup Onions)
- butter (1 tablespoon butter)
- olive oil (1 tablespoon olive oil)
- red onions (2 red onions, thinly sliced)
- yellow onion (1 sweet yellow onion, thinly sliced)
- sugar (1/2 tablespoon sugar)
- Salt (Salt and pepper)
- pepper (Salt and pepper)
- cognac (1/4 cup cognac)
- dry white wine (1/2 cup dry white wine)
- beef stock (1 cup beef stock)
- bay leaf (1 bay leaf)
- thyme (The leaves of 4 sprigs thyme)",http://www.seriouseats.com/recipes/2009/03/french-in-a-flash-french-onion-soup-dumplings-recipe.html
French toast,Plain French Toast,835.0,32.28,105.43,29.41,"- bread (4 slices of your favorite bread for French Toast (not too sour but with some substance), 1/2 - 3/4 inch slices...or to your liking)
- eggs (4 eggs)
- bananas (2 bananas)
- coconut milk (2/3 cups coconut milk (I use the full fat kind))
- vanilla (3/4 teaspoons vanilla)
- dark rum (1 tablespoon best quality dark rum)
- cinnamon (1/4 teaspoon cinnamon)
- lime (zest of a whole lime)
- salt (tiny pinch of salt)
- butter (knob of butter and a splash of olive oil to fry in)
- olive (knob of butter and a splash of olive oil to fry in)",http://www.food52.com/recipes/4604_villa_525_french_toast
Fried calamari,Fried Calamari,1336.0,23.21,106.07,162.05,"- squid (1 pound cleaned squid or calamari (see Recipe Notes if buying whole squid))
- buttermilk (1 cup buttermilk)
- canola oil (6 cups vegetable or canola oil, for deep frying)
- all-purpose flour (1 cup all-purpose flour)
- rice flour (1 cup white rice flour)
- kosher salt (1 1/2 teaspoons Diamond Crystal kosher salt or 3/4 teaspoon fine salt, plus more for seasoning)
- garlic powder (1 teaspoon garlic powder or granules)
- white pepper (1/2 teaspoon ground white pepper)
- Lemon (Lemon wedges and tartar sauce , for serving)",https://www.thekitchn.com/fried-calamari-recipes-23301089
Fried rice,Fried Rice,1719.0,63.73,215.44,64.45,"- garlic (1 whole head of garlic, peeled)
- Kosher salt (Kosher salt)
- vegetable oil (1/4 cup vegetable oil)
- rice (3 cups day-old cooked jasmine or short grain rice (see note above))
- kale (2 cups chopped kale (about 4 ounces))
- bok choy (2 cups chopped bok choy (about 4 ounces))
- chili (1 Thai bird's eye chili, finely minced)
- white pepper (1/4 teaspoon ground white pepper)
- soy sauce (1 teaspoon soy sauce)",http://www.seriouseats.com/recipes/2014/03/bok-choy-kale-fried-rice-garlic-chinese-recipe.html
Frozen yogurt,Frozen Yogurt,107.0,1.47,19.62,4.7,"- vanilla frozen yogurt (1 pint vanilla frozen yogurt)
- peppercorns (1 tablespoon pink peppercorns)",https://www.marthastewart.com/1050211/frozen-yogurt-pink-peppercorns
Garlic bread,Garlic Bread,383.0,14.83,52.92,8.99,"- Italian bread (1 16-ounce loaf of Italian bread or French bread)
- unsalted butter (1/2 cup (1 stick) unsalted butter, softened)
- garlic (2 large cloves of garlic, smashed and minced)
- parsley (1 heaping tablespoon of freshly chopped parsley)
- Parmesan cheese (1/4 cup freshly grated Parmesan cheese (optional))",http://simplyrecipes.com/recipes/garlic_bread/
Gnocchi,Potato Gnocchi,876.0,41.09,112.2,15.54,"- unsalted butter (2 tablepsoons unsalted butter)
- Gnocchi (1 recipe Parisian Gnocchi)
- Parmesan cheese (1/2 cup grated Parmesan cheese)
- parsley (1 tablespoon chopped parsley)
- chives (1 tablespoon chopped fresh chives)",https://www.seriouseats.com/parisian-gnocchi-souffle-recipe
Greek salad,Greek Salad,222.0,15.25,7.08,14.65,"- cherry tomatoes (12 cherry tomatoes)
- cucumber (6 (1/2 inch) slices cucumber, halved)
- red onion (12 (1 by 1/2 inch) pieces red onion)
- feta (12 (1/2 inch) cubes feta (3 ounces))
- Kalamata olives (12 Kalamata olives)
- salad dressing (1/3 cup Greek salad dressing)",https://www.eatingwell.com/recipe/268866/greek-salad-skewers
Grilled cheese sandwich,Grilled Cheese Sandwich,312.0,16.96,29.95,9.85,"- butter (2 tablespoons (30g) butter, cut into 3 even pieces)
- white bread (2 slices hearty white bread, such as Pepperidge Farm or Arnold)
- Jack cheese (2 slices American, cheddar, or Jack cheese)
- Kosher salt (Kosher salt)",https://www.seriouseats.com/serious-eats-grilled-cheese-sandwich-recipe
Grilled salmon,Cooked Salmon,139.0,4.3,0.0,23.45,"- Salmon (8 ounces Grilled Salmon)
- pasta (16 ounces package of Orzo pasta, prepared according to package directions)
- Capers (1 small bottle of Capers (3.5 oz))
- Shallot (1 large Shallot bulb, chopped)
- Cherry Tomatoes (20 Cherry Tomatoes, halved)
- Lemons (Juice of 2 large Lemons)
- Red Bell Pepper (1/4 cup diced Red Bell Pepper)
- fresh Dill (2 tablespoons fresh Dill, chopped)
- cracked Pepper (1 tablespoon fresh cracked Pepper)
- Kosher Salt (Kosher Salt, to taste)",https://food52.com/recipes/6169-grilled-salmon-orzo-salad
Guacamole,Guacamole,647.0,58.95,35.05,8.07,"- butter (2 tablespoons butter, cut into three even pieces)
- white bread (2 slices hearty white bread, such as Pepperidge Farm or Arnold)
- Jack cheese (2 slices American, Cheddar, or Jack cheese)
- guacamole (1/2 cup guacamole (preferably homemade))
- Kosher salt (Kosher salt)",https://www.seriouseats.com/grilled-cheese-guacamole-recipe
Gyoza,Gyoza,120.0,2.5,17.0,7.0,"- cornflour (2 tbsp cornflour)
- gyoza skins (26 ready-made gyoza skins, defrosted if frozen (see tip))
- vegetable oil (2-3 tbsp vegetable oil)",https://www.bbcgoodfood.com/recipes/gyoza
Hamburger,Ground Beef (80% Lean / 20% Fat),254.0,20.0,0.0,17.17,"- ground beef (1 lb. ground beef or chuck)
- Salt (Salt and freshly ground black pepper)
- black pepper (Salt and freshly ground black pepper)
- hamburger bun (4 soft white hamburger bun, split)
- tomato (4 1/4""-thick slices of a large ripe tomato)
- pickles (12–16 sliced pickles (optional))
- iceberg (4 small leaves iceberg lattuce)
- onion (4 1/4""-thick slices peeled onion)",http://www.saveur.com/article/Recipes/Classic-Hamburger
Hot and sour soup,Hot and Sour Soup,761.0,36.78,23.05,70.27,"- dried shiitake mushrooms (1 ounce dried shiitake mushrooms)
- cornstarch (2 tablespoons cornstarch)
- chicken broth (5 cups chicken broth)
- soy sauce (4 tablespoons soy sauce)
- white pepper (1 teaspoon ground white pepper)
- canned bamboo shoots (3/4 cup canned bamboo shoots, rinsed and drained and cut into matchsticks)
- soft tofu (7 ounces soft tofu, cut into 1/2-inch cubes)
- scallions (3 scallions, thinly sliced)
- white vinegar (3 tablespoons white vinegar)
- egg (1 egg, lightly beaten)",https://www.marthastewart.com/971489/hot-and-sour-soup
Hot dog,Frankfurter or Hot Dog on Bun,294.0,17.62,22.24,10.66,"- hot dogs (2 hot dogs)
- eggs (2 eggs)
- potato (1 potato)
- bacon (4 bacon strips)
- parsley (parsley)
- cayenne pepper (Pinch cayenne pepper)
- hot dog buns (2 hot dog buns)
- cheese (Handful cheese)
- butter (2 tablespoons melted butter)",https://food52.com/recipes/40299-breakfast-hot-dog
Huevos rancheros,Huevos Rancheros,302.0,16.92,21.67,17.5,"- extra virgin olive oil (1 tablespoon extra virgin olive oil)
- onion (1/2 medium onion , chopped)
- crushed tomatoes (1 ( 15 - ounce ) can whole or crushed tomatoes (preferably fire-roasted), or 1 to 2 large fresh tomatoes, when in season)
- chiles (1/2 (6 ounce) can diced green Anaheim chiles)
- chili powder (Chipotle chili powder , adobo sauce, or ground cumin to taste, optional)
- cumin (Chipotle chili powder , adobo sauce, or ground cumin to taste, optional)
- corn tortillas (4 corn tortillas)
- Butter (Butter)
- eggs (4 large eggs)
- cilantro (2 tablespoons fresh cilantro, chopped , optional)",https://www.simplyrecipes.com/recipes/huevos_rancheros
Hummus,Hummus,177.0,8.59,20.12,4.86,"- hummus (a small bowl of hummus (left to your discretion))
- sardines (2 cans of sardines, 4 oz)
- bread (1 loaf of country bread)",https://food52.com/recipes/17447-sardines-hummus-toast
Ice cream,Ice Cream,201.0,10.71,24.38,3.52,"- ice cream (3 tablespoons pink-tinted ice cream, softened)
- ice cream (3 tablespoons orange-tinted ice cream, softened)
- ice cream (3 tablespoons yellow-tinted ice cream, softened)
- ice cream (3 tablespoons green-tinted ice cream, softened)
- ice cream (3 tablespoons blue-tinted ice cream, softened)
- ice cream (3 tablespoons violet-tinted ice cream, softened)",http://www.seriouseats.com/recipes/2012/07/rainbow-ice-cream-pops-recipe.html
Lasagna,Lasagna with Meat,5369.0,197.96,566.55,328.07,"- Lasagna (1 packet Lasagna)
- tomatoes (3 pieces tomatoes)
- olives (olives pieces 12)",https://food52.com/recipes/83944-lasagna-a-la-maison
Lobster bisque,Lobster Bisque,1429.0,73.61,73.03,115.34,"- butter (3 tablespoons butter or margarine)
- onion (1 small onion, finely chopped (1/4 cup))
- all-purpose flour (3 tablespoons Gold Medal™ all-purpose flour)
- parsley (1 tablespoon chopped fresh parsley)
- salt (1/2 teaspoon salt)
- pepper (1/8 teaspoon pepper)
- milk (2 cups milk)
- Progresso™ chicken broth (1 cup Progresso™ chicken broth (from 32-oz carton))
- lobster (1 1/4 cups chopped fresh or frozen (thawed) lobster (about 12 oz))",https://www.bettycrocker.com/recipes/lobster-bisque/627909b7-8eae-4af4-b3bb-61c39b49cafd
Lobster roll sandwich,Steak Sandwich on Roll,311.0,12.2,21.26,27.12,"- mayonnaise (1⁄2 cup mayonnaise)
- Dijon mustard (2 teaspoons Dijon mustard)
- celery (1⁄3 cup celery, diced)
- lemon juice (1 tablespoon fresh lemon juice)
- Old Bay Seasoning (1⁄4 teaspoon Old Bay Seasoning)
- lobster meat (3 cups lobster meat, cooked and cut into bite sized chunks)
- lettuce (6 lettuce leaves)
- hot dog rolls (6 hot dog rolls)",http://www.food.com/recipe/lobster-roll-sandwich-372466
Macaroni and cheese,Macaroni or Noodles with Cheese,2922.0,135.33,308.95,114.31,"- parsley (1 tablespoon parsley minced)
- bread crumbs (1/3 cup panko Japanese bread crumbs)
- macaroni (12 ounces dry macaroni)
- heavy cream (1/2 pint heavy cream)
- milk (1/2 cup milk)
- Cheddar cheese (5 ounces Cheddar cheese shredded)
- Gruyere cheese (2 ounces Gruyere cheese shredded)
- cornstarch (2 teaspoons potato starch halve if using cornstarch)",http://norecipes.com/blog/macaroni-cheese-recipe/
Macarons,Spinach Macaroni,371.0,1.57,74.8,13.35,"- macaron (Recipe adapted from pierre hermé’s “macaron” cookbook)
- macarons (Makes about 36 macarons)
- almond flour (160 grams almond flour, sifted twice)
- powdered sugar (160 grams powdered sugar)
- egg whites (55 grams egg whites, aged 7 days)
- water (8 grams titanium dioxyde + 5 grams warm water (optional, for color))
- powdered sugar (150 grams powdered sugar)
- water (37 grams bottled spring water)
- egg whites (55 grams egg whites, aged 7 days (in a bowl in the refrigerator for 7 days))
- white chocolate (175 grams valhrona white chocolate)
- heavy cream (175 grams heavy cream)
- truffle (22 grams fresh white alba truffle)
- hazelnut (110 grams piedmont hazelnut)",http://www.zencancook.com/2009/10/white-truffle-hazelnut-macarons/
Miso soup,Miso Soup,486.0,19.44,45.0,34.86,"- Potato Chips (1 recipe Extra-Crunchy Potato Chips (see note above))
- soup mix (2 single-serving packets instant miso soup mix (about 20 grams))
- nori (10 sheets seasoned nori snack sheets, crumbled)
- Kosher salt (Kosher salt)",http://www.seriouseats.com/recipes/2015/01/miso-soup-potato-chips-recipe.html
Mussels,Cooked Mussels,727.0,40.0,21.38,66.81,"- mussels (2 pounds mussels)
- white wine (1 cup white wine (they suggest 1/2 cup but I need more to steam that volume))
- butter (4 tablespoons butter, softened)
- parsley (1 handful fresh flat-leaf parsley leaves, minced)
- garlic (1 small clove garlic, minced)
- smoked paprika (4 pinches smoked paprika (pimenton))",http://smittenkitchen.com/2010/12/broiled-mussels/
Nachos,Nachos with Cheese,306.0,16.77,32.15,8.05,"- skin-on chicken breast (4 bone-in, skin-on chicken breast halves)
- Coarse salt (Coarse salt and freshly ground pepper)
- pepper (Coarse salt and freshly ground pepper)
- tortilla chips (1 1/2 (16-ounce) bags tortilla chips)
- cheddar cheese (3 cups shredded cheddar cheese)
- Jack cheese (3 cups shredded Monterey Jack cheese)
- Black Bean (Black Bean and Cherry Tomato Salsa, for serving)
- Cherry Tomato (Black Bean and Cherry Tomato Salsa, for serving)
- Tomatillo (Charred Tomatillo Salsa, for serving)
- Cheese (Nacho Cheese Sauce, for serving)
- Guacamole (Guacamole for Nachos, for serving)
- Sour cream (Sour cream, for serving)
- jalapenos (Sliced jalapenos, for serving)
- radishes (Julienned radishes, for serving)
- cilantro (Chopped fresh cilantro, for serving)",https://www.marthastewart.com/326842/nachos-supremo
Omelette,2 Egg Cheese Omelette,300.0,27.0,2.0,20.0,"- fresh Basil (1 handful fresh Basil, coarsely chopped)
- Chives (2 tablespoons fresh Chives, coarsely chopped)
- Parsely (2 tablespoons fresh Parsely, coarsely chopped)
- Cilantro (1/4 cup fresh Cilantro, coarsely chopped)
- Garlic (2 cloves Garlic, coarsely chopped)
- Cashews (1/2 cup raw Cashews)
- extra virgin olive oil (1/2 cup extra virgin olive oil)
- lemon juice (1/4 cup lemon juice)
- salt (salt & pepper to taste, for pesto and omelette)
- eggs (2-3 large eggs)
- oil (1 tablespoon oil of your choice (for cooking the omelette))
- parmesan cheese (1 tablespoon grated parmesan cheese)
- heavy cream (1 tablespoon milk or heavy cream)
- tomatoes (sliced tomatoes (optional))",https://food52.com/recipes/27256-parmesan-omelette-with-green-team-pesto
Onion rings,Onion Rings (Breaded and Fried),332.0,18.69,37.74,4.46,"- onions (1 cup (140 g) flour, plus more for dusting the onions)
- cornmeal (or 3/4 cup (110 g) flour, plus 1/4 cup (35 g) cornmeal)
- beer (1 cup (250 ml) beer)
- black pepper (1 teaspoon freshly ground black pepper)
- red pepper powder (1/2 teaspoon red pepper powder (I used ancho chile powder))
- salt (1/2 teaspoon salt)
- onions (2 medium onions, peeled and cut in 1/3-inch (1 cm) thick rings)
- Peanut oil (Peanut oil, for frying the onion rings)",http://www.davidlebovitz.com/2013/04/hooters-onion-rings-recipe/
Oysters,Oysters,68.0,2.46,3.91,7.05,"- oysters (24 oysters, scrubbed, any open shells discarded)
- lemons (2 lemons, quartered)",http://www.seriouseats.com/recipes/2011/09/grilled-oysters-recipe.html
Pad thai,Pad Thai,1930.0,72.31,255.04,65.66,"- Rice Noodles (16 ounces Pad Thai Rice Noodles)
- Agave (1/2 cup Agave)
- lime juice (1/3 cup lime juice)
- shoyu (1/2 cup shoyu)
- oil (2 tablespoons Toasted sesame seed oil)
- scallions (6 scallions–sliced)
- garlic (2 cloves of garlic–minced)
- fresh ginger (1 teaspoon fresh ginger–minced)
- tofu (1 packet baked tofu (I used the trader Joe's brand))
- bean sprouts (1 cup bean sprouts)",https://food52.com/recipes/34427-easy-vegan-pad-thai
Paella,Paella,3507.0,120.76,370.28,211.34,"- chorizo (400 g quality chorizo)
- onion (1 small onion)
- peppers (50 g jarred piquillo peppers)
- parsley (½ a bunch of fresh flat-leaf parsley)
- chicken drumettes (22 free-range chicken drumettes)
- extra virgin olive oil (2 tablespoons extra virgin olive oil)
- smoked paprika (1 teaspoon smoked paprika)
- tomato pureé (2 tablespoon tomato pureé)
- rice (400 g Bomba paella rice)
- white wine (120 ml white wine)
- chicken stock (750 ml organic chicken stock)
- frozen peas (200 g frozen peas)
- lemon (1 lemon)",http://www.jamieoliver.com/recipes/chicken-recipes/chicken-paella/
Pancakes,Plain Pancakes,227.0,9.7,28.3,6.4,"- all purpose flour (1 1/3 cups all purpose flour)
- cocoa (1/3 cup plus 1 tablespoon cocoa powder)
- cocoa (1/3 cup plus 1 tablespoon cocoa powder)
- granulated sugar (6 tablespoons granulated sugar)
- baking powder (1 1/2 teaspoons baking powder)
- salt (3/4 teaspoon salt)
- baking soda (1/4 teaspoon baking soda)
- eggs (2 large eggs)
- unsalted butter (3 tablespoons melted unsalted butter, plus extra for greasing pan and buttering pancakes)
- whole milk (3/4 cup whole milk)
- whole milk (1/2 cup whole milk)
- semi-sweet chocolate (5 ounces semi-sweet chocolate, finely chopped)
- vanilla extract (1 teaspoon pure vanilla extract)",http://www.seriouseats.com/recipes/2012/02/chocolate-pancakes-recipe.html
Panna cotta,Panna Cotta,134.0,7.4,14.03,0.65,"- water (2 tablespoons water)
- gelatin (1 teaspoon powdered unflavored gelatin)
- Vegetable oil (Vegetable oil, if unmolding the panna cotta)
- plain Greek yogurt (1 cup whole-milk plain Greek yogurt)
- heavy cream (1 cup heavy cream, divided)
- granulated sugar (1/4 cup granulated sugar)
- bean paste (1/2 teaspoon vanilla bean paste or vanilla extract)
- strawberries (1/2 cup sliced strawberries)
- raspberries (1/2 cup raspberries)
- granulated sugar (1 tablespoon granulated sugar)",https://www.thekitchn.com/recipe-greek-yogurt-panna-cotta-258338
Peking duck,"Duck Meat and Skin (Roasted, Cooked)",337.0,28.35,0.0,18.99,"- duck breasts (4 (8-ounce) Rohan or Peking duck breasts)
- Coarse salt (Coarse salt and freshly ground pepper)
- pepper (Coarse salt and freshly ground pepper)
- shallot (1 shallot, finely chopped)
- red wine (1 cup red wine, preferably Madiran)
- Armagnac (1/2 cup Armagnac)
- demi-glace (2 tablespoons store-bought duck-and-veal demi-glace such as D'Artagnan)",https://www.marthastewart.com/902951/duck-breasts-la-dartagnan
Pho,Oriental Style Beef and Rice Noodle Soup (Vietnamese Pho Bo),3928.0,86.2,375.91,387.91,"- onions (2 large onions, split in half)
- ginger (1 large hand ginger (about 6 inches long), split in half lengthwise)
- beef shin (3 pounds beef shin, with meat attached)
- oxtail (2 pounds oxtail, cut into 1/2 to 1-inch thick slices)
- beef chuck (1 pound boneless beef chuck)
- beef brisket (1 pound beef brisket)
- star anise (3 whole star anise pods)
- cinnamon stick (1 cinnamon stick)
- fennel seeds (1 teaspoon fennel seeds)
- cloves (4 cloves)
- coriander seeds (1 teaspoon coriander seeds)
- fish sauce (1/4 cup fish sauce, plus more to taste)
- sugar (2 tablespoons sugar (preferably yellow rock sugar))
- Kosher salt (Kosher salt)
- noodles (6 to 8 servings pho noodles)
- beef flank steak (1 pound beef flank steak, sliced thinly against the grain)
- herbs (2 to 3 cups mixed herbs (cilantro, basil, and mint))
- bean sprouts (2 to 3 cups trimmed bean sprouts)
- scallions (1/2 cup sliced scallions)
- chilis (Thinly sliced Thai chilis)
- limes (2 limes, each cut into 4 wedges)
- Hoisin sauce (Hoisin sauce and Sriracha)
- Sriracha (Hoisin sauce and Sriracha)",http://www.seriouseats.com/recipes/2012/09/traditional-beef-pho-recipe.html?ref=search
Pizza,Cheese Pizza,276.0,11.74,30.33,12.33,"- bread flour (500 g bread flour(3 3/4 cups))
- Yeast (2 1/2 tsp Dry Yeast instant or active (10 grams))
- Table Salt (3/4 tsp Table Salt(5 grams))
- Sugar (3/4 tsp Sugar, plus a pinch (about 3 grams))
- Sugar (3/4 tsp Sugar, plus a pinch (about 3 grams))
- water (1 1/2 cup water at room temperature)
- extra-virgin olive oil (extra-virgin olive oil for pans)
- yellow onions (2 x yellow onions(medium), finely chopped (pizza cipolla))
- Heavy Cream (1/3 cup Heavy Cream(pizza cipolla))
- Kosher Salt (1 tsp Kosher Salt(pizza cipolla))
- fresh thyme (2 tsp fresh thyme, coarsely chopped(pizza cipolla))
- diced tomatoes (7 oz diced tomatoes, drained(pizza pomodoro))
- Canned Tomatoes (3/4 cup Canned Tomatoes (reserved juice) (pizza pomodoro))
- Extra Virgin Olive Oil (2 tsp Extra Virgin Olive Oil(pizza pomodoro))
- Kosher Salt (1/2 tsp Kosher Salt(pizza pomodoro))
- Red Pepper Flakes (1 pinch Red Pepper Flakes(pizza pomodoro))
- fresh basil (8 x fresh basil (large leaves), chopped(pizza pomodoro))",http://www.lottieanddoof.com/2010/01/pizza-pulp-fiction-jim-lahey/
Pork chop,"Pork Chops (Top Loin, Boneless)",144.0,5.89,0.0,21.35,"- olive oil (4 teaspoons olive oil)
- garlic (1 garlic clove, thinly sliced)
- kale (1 small bunch kale (about 7 ounces), leaves torn into bite-size pieces)
- Coarse salt (Coarse salt and ground pepper)
- ground pepper (Coarse salt and ground pepper)
- dried sage (1/4 teaspoon dried sage)
- pork chop (1 bone-in rib pork chop (6 to 8 ounces))
- lemon juice (1 tablespoon fresh lemon juice, plus a wedge for serving)
- lemon juice (1 tablespoon fresh lemon juice, plus a wedge for serving)",https://www.marthastewart.com/314722/sauteed-pork-chop-with-wilted-kale
Poutine,Poutine (Small),710.0,38.0,75.0,19.0,"- russet potatoes (4 lb. unpeeled russet potatoes, scrubbed (about 4 large) and dried)
- unsalted butter (4 Tbsp. unsalted butter)
- all-purpose flour (¼ cup all-purpose flour)
- garlic (1 garlic clove, finely chopped)
- shallot (1 shallot, finely chopped)
- beef stock (4 cups beef stock, preferably homemade)
- ketchup (2 Tbsp. ketchup)
- cider vinegar (1 Tbsp. cider vinegar)
- green peppercorns (1 Tbsp. green peppercorns)
- Worcestershire sauce (½ tsp. Worcestershire sauce)
- Kosher salt (Kosher salt and freshly ground black pepper)
- black pepper (Kosher salt and freshly ground black pepper)
- Vegetable oil (Vegetable oil, for frying)
- curds (2 cups cheddar cheese curds)",https://www.saveur.com/poutine-classic-gravy-fries-recipe
Prime rib,Prime Rib,267.0,17.39,0.0,26.02,"- standing rib roast (1 standing rib roast (prime rib), 3-12 pounds (see note above))
- Kosher salt (Kosher salt)
- black pepper (Freshly ground black pepper)",http://www.seriouseats.com/recipes/2009/12/perfect-prime-rib-beef-recipe.html
Pulled pork sandwich,Pork Barbecue Sandwich or Sloppy Joe on Bun,284.0,8.19,30.26,20.71,"- onion (1 large onion, chopped)
- garlic (6 garlic cloves, peeled)
- jalapeño pepper (1 pickled jalapeño pepper, seeded and chopped)
- chile powder (2 teaspoons of Chipotle chile powder)
- tomato paste (1 Tbsp tomato paste)
- Dijon mustard (2 Tbsp Dijon mustard)
- white vinegar (3/4 cup distilled white vinegar)
- paprika (1 teaspoon paprika)
- ketchup (1/3 cup ketchup)
- Worcestershire sauce (2 teaspoons Worcestershire sauce)
- light brown sugar (1/4 cup light brown sugar)
- bay leaf (1 bay leaf)
- Salt (Salt)
- shoulder roast (3 lbs of pork butt shoulder roast, trimmed of excess fat)
- Hamburger buns (Hamburger buns)",http://simplyrecipes.com/recipes/pulled_pork_sandwich/
Ramen,Ramen Noodle Soup - Chicken Flavor,190.0,7.0,27.0,4.0,"- ramen noodles (2½ lb ramen noodles, cooked according to package directions)
- pork fat (5 oz pork fat)",https://honestcooking.com/homemade-tonkotsu-ramen
Ravioli,Cheese Filled Ravioli,691.0,26.0,78.45,32.94,"- Coarse salt (Coarse salt)
- cheese ravioli (18 ounces cheese ravioli)
- butter (3 tablespoons butter)
- sage (16 sage leaves, thinly sliced)",https://www.marthastewart.com/1154578/cheese-ravioli-brown-butter-and-sage
Red velvet cake,Red Velvet Cake,4417.0,206.85,563.58,82.05,"- cupcakes (8 ounces red velvet cake (about 4-5 cupcakes, or any cake scraps you may have))
- butter (2 ounces butter)",https://honestcooking.com/red-velvet-cake-bars-recipe
Risotto,Cheese Risotto,1382.0,50.94,171.8,54.44,"- Butternut Squash (1 cup Vitacost Butternut Squash Risotto)
- Yellow Onion (1 Yellow Onion (Chopped))
- Chicken Stock (1 quart Chicken Stock (Organic))
- Garlic (3 Garlic Cloves)
- Olive Oil (2 tablespoons Olive Oil)",https://food52.com/recipes/33581-butternut-squash-risotto
Samosa,Pastry filled with Potatoes and Peas (Fried),2319.0,134.5,242.56,35.17,"- All purpose flour (2 1/2 cups All purpose flour)
- Starch (1/4 cup Corn Starch)
- Cumin seeds (1 teaspoon Carom/Cumin seeds)
- Shortening (6 tablespoons Oil/Ghee/Shortening)
- Water (about 3/4 cups Water)
- Salt (1/2 teaspoon Salt)
- Oil (as required Oil, for deep frying)
- Potato (Potato Stuffing and assembling the samosa)
- Stuffing (Potato Stuffing and assembling the samosa)
- Potatoes (3, large Potatoes (diced and boiled))
- Serrano (2 no. Green chillies/Serrano (finely chopped))
- Ginger (1 teaspoon Ginger (minced))
- Garlic (1 tablespoon Garlic (minced))
- Turmeric (1/4 teaspoon Turmeric powder)
- chilli powder (1 teaspoon Red chilli powder)
- masala (1 teaspoon Garam masala)
- Cumin seeds (1 teaspoon Cumin seeds)
- Coriander (2 teaspoons Coriander powder)
- Lemon juice (2 teaspoons Lemon juice)
- Salt (to taste Salt)
- Cilantro leaves (3 tablespoons Cilantro leaves)
- Mint leaves (1 tablespoon Mint leaves (optional, but recommended))
- Peas (3 tablespoons Frozen/ fresh Peas (optional))
- Oil (2 teaspoons Oil)",https://food52.com/recipes/16285-samosa-savory-indian-pototo-pies
Sashimi,Salmon Sashimi,146.0,5.93,0.0,21.62,"- seedless watermelon (1 mini seedless watermelon, cut into bite sized cubes)
- jalapeños (2 jalapeños, sliced thinly)
- fresh ginger (1 knob of fresh ginger, julienned)
- lime (1 lime, cut into wedges)
- sesame seeds (1-2 tablespoons black sesame seeds, for sprinkling)
- agave nectar (2 tablespoons honey or agave nectar, for drizzling)",https://food52.com/recipes/59871-watermelon-sashimi
Scallops,Scallops,2358.0,119.08,113.97,197.08,"- Scallops (1 bunch Scallops)
- Seasonings (1 dash Seasonings)",https://food52.com/recipes/58363-simple-savory-scallops
Seaweed salad,Seaweed Salad,105.0,2.73,18.1,3.88,"- seaweed (Handful of dried seaweed, enough for 2 cups when rehydrated)
- rice vinegar (1 tablespoon rice vinegar)
- sesame oil (2 teaspoons sesame oil)
- salt (1/4 teaspoon salt)
- sugar (1/4 teaspoon sugar)
- sesame seeds (2 teaspoons toasted sesame seeds)",http://www.seriouseats.com/recipes/2010/12/seaweed-salad-recipe.html
Shrimp and grits,Grits with Cheese (Fat Added in Cooking),974.0,54.65,79.28,40.26,"- salt (1 Tbsp. salt)
- grits (2 cups coarse-ground grits)
- milk (3 cups milk)",https://www.saveur.com/article/Recipes/Shrimp-and-Grits/
Spaghetti bolognese,Spaghetti Bolognese,1470.0,51.38,182.79,71.58,"- extra-virgin olive oil (1 tablespoon extra-virgin olive oil)
- onion (1/2 onion, finely diced (1/2 cup))
- carrot (1 carrot, finely diced)
- celery (2 celery stalks, finely diced)
- pancetta (4 ounces pancetta, finely diced (optional))
- ground beef (1 pound ground beef, or a combination of beef and pork)
- pork (1 pound ground beef, or a combination of beef and pork)
- Coarse salt (Coarse salt)
- white wine (1/2 cup red or white wine)
- tomatoes (One 28-ounce can best-quality tomatoes, pulsed in a blender)
- cream (1/2 cup cream or milk)
- black pepper (Freshly ground black pepper)
- red-pepper flakes (1/4 teaspoon crushed red-pepper flakes)
- spaghetti (1 pound spaghetti or other pasta)
- unsalted butter (1 1/2 tablespoons unsalted butter)
- Parmesan cheese (1/2 cup freshly grated Parmesan cheese)",https://www.marthastewart.com/354110/spaghetti-bolognese
Spaghetti carbonara,Pasta with Carbonara Sauce,3410.0,94.81,459.24,143.74,"- Pecorino Romano (50 grams Pecorino Romano (1.8 ounces) grated)
- egg (1 large egg)
- olive oil (2 tablespoons olive oil)
- black pepper (fresh ground black pepper to taste)
- Pancetta (170 grams Guanciale (6 ounces) Pancetta or Bacon will also work)
- pasta (170 grams dried pasta (6 ounces) boiled according to package directions)
- eggs (2 slow cooked eggs (optional))",http://norecipes.com/blog/spaghetti-carbonara-recipe/
Spring rolls,Vegetable Spring Roll,1153.0,52.29,137.09,36.59,"- russet potatoes (3 large russet potatoes)
- butter (1 tablespoon butter)
- milk (2 tablespoon milk)
- sour cream (2 tablespoon sour cream)
- bacon (4 slices thick cut bacon)
- cheddar cheese (½ cup shredded cheddar cheese)
- green onion (2 tablespoons chopped green onion)
- salt (salt and pepper to taste)
- pepper (salt and pepper to taste)
- spring roll wrappers (8 refrigerated spring roll wrappers)
- vegetable oil (vegetable oil for frying)",https://honestcooking.com/potato-spring-rolls
Steak,"Beef Top Sirloin (Trimmed to 1/8"" Fat)",201.0,12.71,0.0,20.3,"- skirt steak (1½ pounds skirt steak)
- Salt (Salt and pepper)
- pepper (Salt and pepper)",https://www.bonappetit.com/recipe/salt-and-pepper-steak
Strawberry shortcake,Shortcake Sponge with Whipped Cream and Fruit,283.0,6.79,53.29,5.23,"- doughnuts (2 doughnuts (flavor of your choosing))
- butter (2 teaspoons butter, melted)
- heavy whipping cream (1/2 cup cold heavy whipping cream)
- confectioners' sugar (1 tablespoon confectioners' sugar)
- strawberries (4 large strawberries, stemmed, each sliced into 4 slices)",http://www.seriouseats.com/recipes/2012/05/doughnut-strawberry-shortcake-recipe.html
Sushi,Sushi,1924.0,5.65,402.26,57.85,"- rice (Grain: sushi rice short grain brown rice and/or black rice, enough for two bowls. Click the link above for my sushi rice recipe.)
- tuna (Protein: 1/2 pound sushi-grade tuna cut into slices)",https://honestcooking.com/sushi-rice-bowl
Tacos,"Taco or Tostada with Beef, Cheese and Lettuce",221.0,12.65,16.2,10.88,"- Vegetable Oil (2 tsp Vegetable Oil (picadillo))
- white onion (1/2 x white onion (large), chopped (1 1/2 cups) (picadillo))
- Ground Chuck (1 lb Ground Chuck (80 percent lean) (picadillo))
- garlic (1 tbsp minced garlic cloves(1 to 2 cloves) (picadillo))
- tomatoes (2 x tomatoes (medium), diced (2 3/4 cups) (picadillo))
- Paprika (1 1/2 tsp Paprika (picadillo))
- ancho chile powder (1 tsp ancho chile powder (picadillo))
- Dried Oregano (1 tsp Dried Oregano (picadillo))
- coarse salt (1 tsp coarse salt (picadillo))
- ground pepper (1 tsp freshly ground pepper (picadillo))
- Cumin (3/4 tsp Ground Cumin (picadillo))
- water (1 1/2 cup water (picadillo))
- White Vinegar (3 tsp White Vinegar (picadillo))
- vegetable oil (vegetable oil for frying (tacos))
- Corn Tortillas (20 x Corn Tortillas (tacos))
- Iceberg Lettuce (Iceberg Lettuce Shredded,for serving (tacos))
- white onion (white onion shredded,for serving (tacos))
- cheddar cheese (shredded cheddar cheese (tacos))
- tacos (shredded cheddar cheese (tacos))
- salsa (salsa Picante, for serving (tacos))",http://www.lottieanddoof.com/2009/07/picadillo/
Takoyaki,Takoyaki,1489.0,64.32,151.25,71.89,"- oyster sauce (1 tablespoon oyster sauce)
- Worcestershire sauce (2 teaspoons Worcestershire sauce)
- honey (2 teaspoons honey)
- ketchup (1 teaspoon ketchup)",https://www.allrecipes.com/recipe/283774/takoyaki-sauce
Tiramisu,Tiramisu,3944.0,253.62,340.15,66.47,"- Crepes (Crepes (Makes 20 crepes))
- butter (6 tablespoons butter)
- whole milk (3 cups whole milk)
- eggs (6 large eggs)
- all purpose flour (1 1/2 cups all purpose flour)
- sugar (6 tablespoons sugar)
- salt (pinch of salt)
- Kahlua (3 tablespoons Kahlua/Baileys)
- Crepe (Tiramisu Crepe Cake)
- eggs (3 large eggs, separated)
- sugar (3/4 cup sugar)
- salt (pinch of salt)
- heavy cream (1/2 cup chilled heavy cream)
- mascarpone (8 ounces mascarpone)
- Kahlua (1/3 cup (or according to taste) Kahlua/Baileys)
- dark chocolate (3 ounces dark chocolate (I use 60% cocoa))",https://food52.com/recipes/5286-tiramisu-crepe-cake
Tuna tartare,Tuna,108.0,0.95,0.0,23.38,"- mayonnaise (1 tablespoon mayonnaise)
- soy sauce (3/4 teaspoon soy sauce)
- Sriracha (1/2 teaspoon Sriracha (Asian chili sauce))
- fresh tuna (8 ounces fresh tuna, cut into 1/4-inch dice)
- chives (1 tablespoon thinly sliced fresh chives, plus 1-inch pieces for garnish)
- waffle (Gaufrettes or waffle-cut potato chips, for serving)
- potato chips (Gaufrettes or waffle-cut potato chips, for serving)",https://www.marthastewart.com/355745/spicy-tuna-tartare
Waffles,Plain Waffles,291.0,14.1,32.9,7.9,"- nonfat Greek yogurt (8 tablespoons nonfat Greek yogurt)
- waffles (4 waffles, toasted)
- blueberries (1 cup fresh (or frozen, thawed) blueberries, blackberries, or raspberries)
- Honey (Honey (for drizzling))
- mint (2 tablespoons chopped fresh mint)",https://www.bonappetit.com/recipe/waffles-with-greek-yogurt-and-berries
